{
  "format_version": "1.16.0",
  "minecraft:entity": {
    "description": {
      "identifier": "poke:projectile_masterball",
      "is_spawnable": true,
      "is_summonable": true,
      "is_experimental": false,
      "runtime_identifier": "minecraft:snowball"
    },
    "components": {
      "minecraft:scale": {
        "value": 0.5
      },
      "minecraft:collision_box": {
        "width": 0.25,
        "height": 0.25
      },
      "minecraft:pushable": {
        "is_pushable": true,
        "is_pushable_by_piston": true
      },
      "minecraft:physics": {},
      "minecraft:projectile": {
        "anchor": 1,
        "power": 1,
        "gravity": 0.08,
        "angle_offset": [
          0,
          0,
          0
        ],
        "offset": [
          0,
          0,
          0
        ],
        "on_hit": {
          "impact_damage": {
            "filter": "blaze",
            "damage": 3,
            "knockback": true
          },
          "remove_on_hit": {},
          "particle_on_hit": {
            "particle_type": "snowballpoof",
            "num_particles": 6,
            "on_entity_hit": true,
            "on_other_hit": true
          }
        }
      }
    }
  }
}