{
  "format_version": "1.16.100",
  "minecraft:item": {
    "description": {
      "identifier": "poke:caught_masterball",
      "category": "none"
    },
    "components": {
      "minecraft:icon": {
        "texture": "masterball"
      },
      "minecraft:max_stack_size": 64,
      "minecraft:throwable": {
        "do_swing_animation": true,
        "max_draw_duration": 1,
        "scale_power_by_draw_duration": false
      },
      "minecraft:projectile": {
        "projectile_entity": "poke:projectile_masterball",
        "minimum_critical_power": 1
      },
      "minecraft:foil": false,
      "minecraft:use_duration": 0,
      "minecraft:allow_off_hand": false,
      "minecraft:hand_equipped": false
    }
  }
}