{
	"format_version": "1.12.0",
	"minecraft:geometry": [
		{
			"description": {
				"identifier": "geometry.arcane_workbench",
				"texture_width": 16,
				"texture_height": 16,
				"visible_bounds_width": 2,
				"visible_bounds_height": 2.5,
				"visible_bounds_offset": [0, 0.75, 0]
			},
			"bones": [
				{
					"name": "arcane_workbench",
					"pivot": [8, 0, -8]
				},
				{
					"name": "bottom",
					"parent": "arcane_workbench",
					"pivot": [8, 0, -8],
					"cubes": [
						{
							"origin": [-8, 0, -8],
							"size": [16, 4, 16],
							"uv": {
								"north": {"uv": [0, 12], "uv_size": [16, 4], "material_instance": "bottom_side"},
								"east": {"uv": [0, 12], "uv_size": [16, 4], "material_instance": "bottom_side"},
								"south": {"uv": [0, 12], "uv_size": [16, 4], "material_instance": "bottom_side"},
								"west": {"uv": [0, 12], "uv_size": [16, 4], "material_instance": "bottom_side"},
								"up": {"uv": [16, 16], "uv_size": [-16, -16], "material_instance": "bottom_top"},
								"down": {"uv": [16, 16], "uv_size": [-16, -16], "material_instance": "bottom_bottom"}
							}
						}
					]
				},
				{
					"name": "middle",
					"parent": "arcane_workbench",
					"pivot": [8, 0, -8],
					"cubes": [
						{
							"origin": [3, 4, 3],
							"size": [4, 4, 4],
							"uv": {
								"north": {"uv": [11, 8], "uv_size": [4, 4], "material_instance": "middle_side"},
								"east": {"uv": [1, 8], "uv_size": [4, 4], "material_instance": "middle_side"},
								"south": {"uv": [1, 8], "uv_size": [4, 4], "material_instance": "middle_side"},
								"west": {"uv": [11, 8], "uv_size": [4, 4], "material_instance": "middle_side"}
							}
						},
						{
							"origin": [3, 4, -7],
							"size": [4, 4, 4],
							"uv": {
								"north": {"uv": [11, 8], "uv_size": [4, 4], "material_instance": "middle_side"},
								"east": {"uv": [11, 8], "uv_size": [4, 4], "material_instance": "middle_side"},
								"south": {"uv": [1, 8], "uv_size": [4, 4], "material_instance": "middle_side"},
								"west": {"uv": [1, 8], "uv_size": [4, 4], "material_instance": "middle_side"}
							}
						},
						{
							"origin": [-7, 4, 3],
							"size": [4, 4, 4],
							"uv": {
								"north": {"uv": [1, 8], "uv_size": [4, 4], "material_instance": "middle_side"},
								"east": {"uv": [1, 8], "uv_size": [4, 4], "material_instance": "middle_side"},
								"south": {"uv": [11, 8], "uv_size": [4, 4], "material_instance": "middle_side"},
								"west": {"uv": [11, 8], "uv_size": [4, 4], "material_instance": "middle_side"}
							}
						},
						{
							"origin": [-7, 4, -7],
							"size": [4, 4, 4],
							"uv": {
								"north": {"uv": [1, 8], "uv_size": [4, 4], "material_instance": "middle_side"},
								"east": {"uv": [11, 8], "uv_size": [4, 4], "material_instance": "middle_side"},
								"south": {"uv": [11, 8], "uv_size": [4, 4], "material_instance": "middle_side"},
								"west": {"uv": [1, 8], "uv_size": [4, 4], "material_instance": "middle_side"}
							}
						}
					]
				},
				{
					"name": "top",
					"parent": "arcane_workbench",
					"pivot": [8, 0, -8],
					"cubes": [
						{
							"origin": [-8, 8, -8],
							"size": [16, 8, 16],
							"uv": {
								"north": {"uv": [0, 0], "uv_size": [16, 8], "material_instance": "table_side"},
								"east": {"uv": [0, 0], "uv_size": [16, 8], "material_instance": "table_side"},
								"south": {"uv": [0, 0], "uv_size": [16, 8], "material_instance": "table_side"},
								"west": {"uv": [0, 0], "uv_size": [16, 8], "material_instance": "table_side"},
								"up": {"uv": [16, 16], "uv_size": [-16, -16], "material_instance": "table_top"},
								"down": {"uv": [16, 16], "uv_size": [-16, -16], "material_instance": "table_bottom"}
							}
						}
					]
				}
			]
		}
	]
}