{
	"format_version": "1.12.0",
	"minecraft:geometry": [
		{
			"description": {
				"identifier": "geometry.jar_normal_2",
				"texture_width": 16,
				"texture_height": 16,
				"visible_bounds_width": 2,
				"visible_bounds_height": 2.5,
				"visible_bounds_offset": [0, 0.75, 0]
			},
			"bones": [
				{
					"name": "bone",
					"pivot": [8, 0, -8],
					"cubes": [
						{
							"origin": [-4, 1, -4],
							"size": [8, 6.5, 8],
							"uv": {
								"north": {"uv": [4, 8.5], "uv_size": [8, 6.5], "material_instance": "animatedglow"},
								"east": {"uv": [4, 8.5], "uv_size": [8, 6.5], "material_instance": "animatedglow"},
								"south": {"uv": [4, 8.5], "uv_size": [8, 6.5], "material_instance": "animatedglow"},
								"west": {"uv": [4, 8.5], "uv_size": [8, 6.5], "material_instance": "animatedglow"},
								"up": {"uv": [12, 12], "uv_size": [-8, -8], "material_instance": "animatedglow"},
								"down": {"uv": [12, 12], "uv_size": [-8, -8], "material_instance": "animatedglow"}
							}
						},
						{
							"origin": [-5, 0, -5],
							"size": [10, 12, 10],
							"uv": {
								"north": {"uv": [3, 4], "uv_size": [10, 12], "material_instance": "jar_side"},
								"east": {"uv": [3, 4], "uv_size": [10, 12], "material_instance": "jar_side"},
								"south": {"uv": [3, 4], "uv_size": [10, 12], "material_instance": "jar_side"},
								"west": {"uv": [3, 4], "uv_size": [10, 12], "material_instance": "jar_side"},
								"up": {"uv": [13, 13], "uv_size": [-10, -10], "material_instance": "jar_top"},
								"down": {"uv": [13, 13], "uv_size": [-10, -10], "material_instance": "jar_bottom"}
							}
						},
						{
							"origin": [-3, 12, -3],
							"size": [6, 2, 6],
							"uv": {
								"north": {"uv": [5, 2], "uv_size": [6, 2], "material_instance": "jar_side"},
								"east": {"uv": [5, 2], "uv_size": [6, 2], "material_instance": "jar_side"},
								"south": {"uv": [5, 2], "uv_size": [6, 2], "material_instance": "jar_side"},
								"west": {"uv": [5, 2], "uv_size": [6, 2], "material_instance": "jar_side"},
								"up": {"uv": [11, 11], "uv_size": [-6, -6], "material_instance": "jar_top"},
								"down": {"uv": [11, 11], "uv_size": [-6, -6], "material_instance": "jar_top"}
							}
						}
					]
				}
			]
		}
	]
}