{
	"resource_pack_name": "scjson",
	"texture_name": "atlas.terrain",
	"padding": 8,
	"num_mip_levels": 4,
	"texture_data": {
		"test_block": {
			"textures": "textures/blocks/test_block"
		},
		"arcane_workbench_side":{
			"textures":"textures/blocks/arcane_workbench_side"
		},
		"arcane_workbench_top":{
			"textures":"textures/blocks/arcane_workbench_top"
		},
		"base_wood_grain":{
			"textures":"textures/blocks/base_wood_grain"
		},
		"wheat_stage_0":{
			"textures":"textures/blocks/wheat_stage_0"
		},
		"wheat_stage_1":{
			"textures":"textures/blocks/wheat_stage_1"
		},
		"wheat_stage_2":{
			"textures":"textures/blocks/wheat_stage_2"
		},
		"wheat_stage_3":{
			"textures":"textures/blocks/wheat_stage_3"
		},
		"wheat_stage_4":{
			"textures":"textures/blocks/wheat_stage_4"
		},
		"wheat_stage_5":{
			"textures":"textures/blocks/wheat_stage_5"
		},
		"wheat_stage_6":{
			"textures":"textures/blocks/wheat_stage_6"
		},
		"wheat_stage_7":{
			"textures":"textures/blocks/wheat_stage_7"
		},
		"garlic_stage_0":{
			"textures":"textures/blocks/garlic_stage_0"
		},
		"garlic_stage_1":{
			"textures":"textures/blocks/garlic_stage_1"
		},
		"garlic_stage_2":{
			"textures":"textures/blocks/garlic_stage_2"
		},
		"garlic_stage_3":{
			"textures":"textures/blocks/garlic_stage_3"
		},
		"jar_side":{
			"textures":"textures/blocks/jar_side"
		},
		"jar_top":{
			"textures":"textures/blocks/jar_top"
		},
		"jar_bottom":{
			"textures":"textures/blocks/jar_bottom"
		},
		"animatedglow":{
			"textures":"textures/blocks/animatedglow"
		}
	}
}